{
	"credit": "Made with Blockbench",
	"textures": {
		"1": "item/leftjest",
		"2": "item/leftjest2",
		"3": "item/bell1",
		"4": "item/bell2",
		"5": "item/rightjest",
		"6": "item/rightjest1",
		"particle": "item/leftjest",
		"texture": "item/totem"
	},
	"elements": [
		{
			"from": [13, 6, 5],
			"to": [18, 9, 10],
			"rotation": {"angle": 22.5, "axis": "z", "origin": [0, 0, 0]},
			"faces": {
				"north": {"uv": [5, 0, 10, 3], "texture": "#1"},
				"east": {"uv": [5, 3, 10, 6], "texture": "#1"},
				"south": {"uv": [5, 6, 10, 9], "texture": "#1"},
				"west": {"uv": [5, 9, 10, 12], "texture": "#1"},
				"up": {"uv": [5, 5, 0, 0], "texture": "#1"},
				"down": {"uv": [5, 5, 0, 10], "texture": "#1"}
			}
		},
		{
			"name": "Box2",
			"from": [5.5, 2.5, 6.5],
			"to": [10.5, 7, 9.5],
			"faces": {
				"north": {"uv": [5, 5, 7, 8], "texture": "#texture"},
				"east": {"uv": [4, 5, 5, 8], "texture": "#texture"},
				"south": {"uv": [8, 5, 10, 8], "texture": "#texture"},
				"west": {"uv": [7, 5, 8, 8], "texture": "#texture"},
				"up": {"uv": [5.5, 6.5, 10.5, 9.5], "texture": "#texture"},
				"down": {"uv": [7, 4, 9, 5], "texture": "#texture"}
			}
		},
		{
			"name": "Box3",
			"from": [5.75, 0, 7.25],
			"to": [7.25, 2.5, 8.75],
			"faces": {
				"north": {"uv": [2, 5, 1, 8], "texture": "#texture"},
				"east": {"uv": [2, 8, 3, 5], "rotation": 180, "texture": "#texture"},
				"south": {"uv": [3, 5, 4, 8], "texture": "#texture"},
				"west": {"uv": [0, 8, 1, 5], "rotation": 180, "texture": "#texture"},
				"up": {"uv": [1, 4, 2, 5], "texture": "#texture"},
				"down": {"uv": [3, 5, 2, 4], "texture": "#texture"}
			}
		},
		{
			"name": "Box5",
			"from": [3.38, 3.87, 7.125],
			"to": [4.88, 6.87, 8.625],
			"rotation": {"angle": -45, "axis": "z", "origin": [3.38, 3.87, 7.125]},
			"faces": {
				"north": {"uv": [11, 5, 12, 8], "texture": "#texture"},
				"east": {"uv": [13, 5, 14, 8], "texture": "#texture"},
				"south": {"uv": [12, 5, 13, 8], "texture": "#texture"},
				"west": {"uv": [10, 5, 11, 8], "texture": "#texture"},
				"up": {"uv": [11, 4, 12, 5], "texture": "#texture"},
				"down": {"uv": [12, 4, 13, 5], "texture": "#texture"}
			}
		},
		{
			"name": "Box5",
			"from": [11.555, 2.815, 7.25],
			"to": [13.055, 5.815, 8.75],
			"rotation": {"angle": 45, "axis": "z", "origin": [11.555, 2.815, 7.25]},
			"faces": {
				"north": {"uv": [9, 13, 10, 16], "texture": "#texture"},
				"east": {"uv": [10, 13, 11, 16], "texture": "#texture"},
				"south": {"uv": [8, 13, 9, 16], "texture": "#texture"},
				"west": {"uv": [11, 13, 12, 16], "texture": "#texture"},
				"up": {"uv": [9, 12, 10, 13], "texture": "#texture"},
				"down": {"uv": [10, 12, 11, 13], "texture": "#texture"}
			}
		},
		{
			"name": "Box1",
			"from": [4.4, 6.9, 4.4],
			"to": [11.6, 14.1, 11.6],
			"faces": {
				"north": {"uv": [10, 2, 12.1, 4], "texture": "#texture"},
				"east": {"uv": [8, 2, 10, 4], "texture": "#texture"},
				"south": {"uv": [14, 2, 16, 4], "texture": "#texture"},
				"west": {"uv": [12, 2, 14, 4], "texture": "#texture"},
				"up": {"uv": [10, 0, 12.1, 2], "texture": "#texture"},
				"down": {"uv": [14, 0, 12, 2], "texture": "#texture"}
			}
		},
		{
			"name": "Box3",
			"from": [8.875, 0, 7.2499],
			"to": [10.375, 2.5, 8.7499],
			"faces": {
				"north": {"uv": [6, 13, 5, 16], "texture": "#texture"},
				"east": {"uv": [6, 16, 7, 13], "rotation": 180, "texture": "#texture"},
				"south": {"uv": [7, 13, 8, 16], "texture": "#texture"},
				"west": {"uv": [4, 16, 5, 13], "rotation": 180, "texture": "#texture"},
				"up": {"uv": [5, 12, 6, 13], "texture": "#texture"},
				"down": {"uv": [7, 13, 6, 12], "texture": "#texture"}
			}
		},
		{
			"name": "Box2",
			"from": [5.4, 2.4, 6.4],
			"to": [10.6, 7.1, 9.6],
			"faces": {
				"north": {"uv": [5, 9, 7, 12], "texture": "#texture"},
				"east": {"uv": [4, 9, 5, 12], "texture": "#texture"},
				"south": {"uv": [8, 9, 10, 12], "texture": "#texture"},
				"west": {"uv": [7, 9, 8, 12], "texture": "#texture"},
				"up": {"uv": [5, 8, 7, 9], "texture": "#texture"},
				"down": {"uv": [7, 8, 9, 9], "texture": "#texture"}
			}
		},
		{
			"name": "Box3",
			"from": [5.65, -0.1, 7.15],
			"to": [7.35, 2.6, 8.85],
			"faces": {
				"north": {"uv": [2, 9, 1, 12], "texture": "#texture"},
				"east": {"uv": [2, 12, 3, 9], "rotation": 180, "texture": "#texture"},
				"south": {"uv": [3, 9, 4, 12], "texture": "#texture"},
				"west": {"uv": [0, 12, 1, 9], "rotation": 180, "texture": "#texture"},
				"up": {"uv": [1, 8, 2, 9], "texture": "#texture"},
				"down": {"uv": [3, 9, 2, 8], "texture": "#texture"}
			}
		},
		{
			"name": "Box3",
			"from": [8.775, -0.1, 7.1499],
			"to": [10.475, 2.6, 8.8499],
			"faces": {
				"north": {"uv": [2, 13, 1, 16], "texture": "#texture"},
				"east": {"uv": [2, 16, 3, 13], "rotation": 180, "texture": "#texture"},
				"south": {"uv": [3, 13, 4, 16], "texture": "#texture"},
				"west": {"uv": [0, 16, 1, 13], "rotation": 180, "texture": "#texture"},
				"up": {"uv": [1, 12, 2, 13], "texture": "#texture"},
				"down": {"uv": [3, 13, 2, 12], "texture": "#texture"}
			}
		},
		{
			"name": "Box5",
			"from": [3.28, 3.87, 7.025],
			"to": [4.98, 7.07, 8.725],
			"rotation": {"angle": -45, "axis": "z", "origin": [3.28, 3.87, 7.025]},
			"faces": {
				"north": {"uv": [13, 9, 14, 12], "texture": "#texture"},
				"east": {"uv": [12, 9, 13, 12], "texture": "#texture"},
				"south": {"uv": [11, 9, 12, 12], "texture": "#texture"},
				"west": {"uv": [10, 9, 11, 12], "texture": "#texture"},
				"up": {"uv": [11, 8, 12, 9], "texture": "#texture"},
				"down": {"uv": [12, 8, 13, 9], "texture": "#texture"}
			}
		},
		{
			"name": "Box5",
			"from": [11.505, 2.665, 7.16],
			"to": [13.205, 5.865, 8.86],
			"rotation": {"angle": 45, "axis": "z", "origin": [11.505, 2.665, 7.16]},
			"faces": {
				"north": {"uv": [15, 13, 16, 16], "texture": "#texture"},
				"east": {"uv": [14, 13, 15, 16], "texture": "#texture"},
				"south": {"uv": [13, 13, 14, 16], "texture": "#texture"},
				"west": {"uv": [12, 13, 13, 16], "texture": "#texture"},
				"up": {"uv": [14.5, 12, 13.5, 13], "texture": "#texture"},
				"down": {"uv": [14, 12, 15, 13], "texture": "#texture"}
			}
		},
		{
			"from": [-3, 12, 5],
			"to": [2, 15, 10],
			"rotation": {"angle": -22.5, "axis": "z", "origin": [0, 0, 0]},
			"faces": {
				"north": {"uv": [5, 0, 10, 3], "texture": "#5"},
				"east": {"uv": [5, 3, 10, 6], "texture": "#5"},
				"south": {"uv": [5, 6, 10, 9], "texture": "#5"},
				"west": {"uv": [5, 9, 10, 12], "texture": "#5"},
				"up": {"uv": [5, 5, 0, 0], "texture": "#5"},
				"down": {"uv": [5, 5, 0, 10], "texture": "#5"}
			}
		},
		{
			"from": [3.03553, 7.91421, 7],
			"to": [4.03553, 8.91421, 8],
			"rotation": {"angle": 45, "axis": "z", "origin": [1.82843, 7.12132, 7.5]},
			"faces": {
				"north": {"uv": [0, 0, 1, 1], "texture": "#4"},
				"east": {"uv": [0, 1, 1, 2], "texture": "#4"},
				"south": {"uv": [1, 0, 2, 1], "texture": "#4"},
				"west": {"uv": [1, 1, 2, 2], "texture": "#4"},
				"up": {"uv": [1, 3, 0, 2], "texture": "#4"},
				"down": {"uv": [3, 0, 2, 1], "texture": "#4"}
			}
		},
		{
			"from": [-3, 10, 6],
			"to": [-1, 14, 9],
			"rotation": {"angle": -22.5, "axis": "z", "origin": [0, 0, 0]},
			"faces": {
				"north": {"uv": [0, 4, 2, 8], "texture": "#6"},
				"east": {"uv": [0, 0, 3, 4], "texture": "#6"},
				"south": {"uv": [2, 4, 4, 8], "texture": "#6"},
				"west": {"uv": [3, 0, 6, 4], "texture": "#6"},
				"up": {"uv": [6, 7, 4, 4], "texture": "#6"},
				"down": {"uv": [8, 0, 6, 3], "texture": "#6"}
			}
		},
		{
			"from": [16, 4, 6],
			"to": [18, 8, 9],
			"rotation": {"angle": 22.5, "axis": "z", "origin": [0, 0, 0]},
			"faces": {
				"north": {"uv": [0, 4, 2, 8], "texture": "#2"},
				"east": {"uv": [0, 0, 3, 4], "texture": "#2"},
				"south": {"uv": [2, 4, 4, 8], "texture": "#2"},
				"west": {"uv": [3, 0, 6, 4], "texture": "#2"},
				"up": {"uv": [6, 7, 4, 4], "texture": "#2"},
				"down": {"uv": [8, 0, 6, 3], "texture": "#2"}
			}
		},
		{
			"from": [12, -2, 7],
			"to": [13, -1, 8],
			"rotation": {"angle": 45, "axis": "z", "origin": [0, 6, 0]},
			"faces": {
				"north": {"uv": [0, 0, 1, 1], "texture": "#3"},
				"east": {"uv": [0, 1, 1, 2], "texture": "#3"},
				"south": {"uv": [1, 0, 2, 1], "texture": "#3"},
				"west": {"uv": [1, 1, 2, 2], "texture": "#3"},
				"up": {"uv": [1, 3, 0, 2], "texture": "#3"},
				"down": {"uv": [3, 0, 2, 1], "texture": "#3"}
			}
		},
		{
			"name": "Box1",
			"from": [4.5, 7, 4.5],
			"to": [11.5, 14, 11.5],
			"faces": {
				"north": {"uv": [2, 2, 4, 4], "texture": "#texture"},
				"east": {"uv": [0, 2, 2, 4], "texture": "#texture"},
				"south": {"uv": [6, 2, 8, 4], "texture": "#texture"},
				"west": {"uv": [4, 2, 6, 4], "texture": "#texture"},
				"up": {"uv": [2, 2, 4, 0], "texture": "#texture"},
				"down": {"uv": [4, 0, 6, 2], "texture": "#texture"}
			}
		}
	],
	"gui_light": "front",
	"display": {
		"thirdperson_righthand": {
			"rotation": [64, 50, -23],
			"translation": [0.5, 1.5, 2],
			"scale": [0.32, 0.32, 0.32]
		},
		"thirdperson_lefthand": {
			"rotation": [64, 50, -23],
			"translation": [0.5, 1.5, 2],
			"scale": [0.31, 0.31, 0.31]
		},
		"firstperson_righthand": {
			"rotation": [-12, 139, -6],
			"translation": [3.25, 2.25, -1],
			"scale": [0.45, 0.45, 0.45]
		},
		"firstperson_lefthand": {
			"rotation": [-12, 139, -6],
			"translation": [3.5, 2.25, -1],
			"scale": [0.45, 0.45, 0.45]
		},
		"ground": {
			"rotation": [-4, 25, -3],
			"translation": [0, 3, 0],
			"scale": [0.45, 0.45, 0.45]
		},
		"gui": {
			"rotation": [0, 180, 0],
			"translation": [0, 0.5, 0],
			"scale": [0.75, 0.75, 0.75]
		},
		"head": {
			"translation": [0, 12.75, 0],
			"scale": [0.84, 0.84, 0.84]
		},
		"fixed": {
			"scale": [0.83, 0.83, 0.83]
		}
	},
	"groups": [
		{
			"name": "group",
			"origin": [0, 0, 0],
			"color": 0,
			"children": [0, 1, 2, 3, 4, 5, 6, 7, 8, 9, 10, 11, 12, 13, 14, 15, 16, 17]
		}
	]
}