{
	"credit": "Made with Blockbench",
	"parent": "netherite_sword",
	"texture_size": [64, 64],
	"textures": {
		"0": "item/piercer",
		"particle": "item/piercer"
	},
	"elements": [
		{
			"from": [28, 0, -16],
			"to": [32, 1, -12],
			"faces": {
				"north": {"uv": [1, 1, 2, 1.25], "texture": "#0"},
				"east": {"uv": [0, 1, 1, 1.25], "texture": "#0"},
				"south": {"uv": [3, 1, 4, 1.25], "texture": "#0"},
				"west": {"uv": [2, 1, 3, 1.25], "texture": "#0"},
				"up": {"uv": [2, 1, 1, 0], "texture": "#0"},
				"down": {"uv": [3, 0, 2, 1], "texture": "#0"}
			}
		},
		{
			"from": [27, 0, -12],
			"to": [31, 1, -11],
			"faces": {
				"north": {"uv": [7.5, 3.5, 8.5, 3.75], "texture": "#0"},
				"east": {"uv": [7.25, 3.5, 7.5, 3.75], "texture": "#0"},
				"south": {"uv": [8.75, 3.5, 9.75, 3.75], "texture": "#0"},
				"west": {"uv": [8.5, 3.5, 8.75, 3.75], "texture": "#0"},
				"up": {"uv": [8.5, 3.5, 7.5, 3.25], "texture": "#0"},
				"down": {"uv": [9.5, 3.25, 8.5, 3.5], "texture": "#0"}
			}
		},
		{
			"from": [26, 0, -11],
			"to": [30, 1, -10],
			"faces": {
				"north": {"uv": [7.5, 2.75, 8.5, 3], "texture": "#0"},
				"east": {"uv": [7.25, 2.75, 7.5, 3], "texture": "#0"},
				"south": {"uv": [8.75, 2.75, 9.75, 3], "texture": "#0"},
				"west": {"uv": [8.5, 2.75, 8.75, 3], "texture": "#0"},
				"up": {"uv": [8.5, 2.75, 7.5, 2.5], "texture": "#0"},
				"down": {"uv": [9.5, 2.5, 8.5, 2.75], "texture": "#0"}
			}
		},
		{
			"from": [25, 0, -10],
			"to": [29, 1, -9],
			"faces": {
				"north": {"uv": [0.25, 7.5, 1.25, 7.75], "texture": "#0"},
				"east": {"uv": [0, 7.5, 0.25, 7.75], "texture": "#0"},
				"south": {"uv": [1.5, 7.5, 2.5, 7.75], "texture": "#0"},
				"west": {"uv": [1.25, 7.5, 1.5, 7.75], "texture": "#0"},
				"up": {"uv": [1.25, 7.5, 0.25, 7.25], "texture": "#0"},
				"down": {"uv": [2.25, 7.25, 1.25, 7.5], "texture": "#0"}
			}
		},
		{
			"from": [24, 0, -9],
			"to": [28, 1, -8],
			"faces": {
				"north": {"uv": [4.5, 7.25, 5.5, 7.5], "texture": "#0"},
				"east": {"uv": [4.25, 7.25, 4.5, 7.5], "texture": "#0"},
				"south": {"uv": [5.75, 7.25, 6.75, 7.5], "texture": "#0"},
				"west": {"uv": [5.5, 7.25, 5.75, 7.5], "texture": "#0"},
				"up": {"uv": [5.5, 7.25, 4.5, 7], "texture": "#0"},
				"down": {"uv": [6.5, 7, 5.5, 7.25], "texture": "#0"}
			}
		},
		{
			"from": [23, 0, -8],
			"to": [27, 1, -7],
			"faces": {
				"north": {"uv": [7.25, 1.25, 8.25, 1.5], "texture": "#0"},
				"east": {"uv": [7, 1.25, 7.25, 1.5], "texture": "#0"},
				"south": {"uv": [8.5, 1.25, 9.5, 1.5], "texture": "#0"},
				"west": {"uv": [8.25, 1.25, 8.5, 1.5], "texture": "#0"},
				"up": {"uv": [8.25, 1.25, 7.25, 1], "texture": "#0"},
				"down": {"uv": [9.25, 1, 8.25, 1.25], "texture": "#0"}
			}
		},
		{
			"from": [22, 0, -7],
			"to": [26, 1, -6],
			"faces": {
				"north": {"uv": [6.75, 7, 7.75, 7.25], "texture": "#0"},
				"east": {"uv": [6.5, 7, 6.75, 7.25], "texture": "#0"},
				"south": {"uv": [8, 7, 9, 7.25], "texture": "#0"},
				"west": {"uv": [7.75, 7, 8, 7.25], "texture": "#0"},
				"up": {"uv": [7.75, 7, 6.75, 6.75], "texture": "#0"},
				"down": {"uv": [8.75, 6.75, 7.75, 7], "texture": "#0"}
			}
		},
		{
			"from": [21, 0, -6],
			"to": [25, 1, -5],
			"faces": {
				"north": {"uv": [7, 6.5, 8, 6.75], "texture": "#0"},
				"east": {"uv": [6.75, 6.5, 7, 6.75], "texture": "#0"},
				"south": {"uv": [8.25, 6.5, 9.25, 6.75], "texture": "#0"},
				"west": {"uv": [8, 6.5, 8.25, 6.75], "texture": "#0"},
				"up": {"uv": [8, 6.5, 7, 6.25], "texture": "#0"},
				"down": {"uv": [9, 6.25, 8, 6.5], "texture": "#0"}
			}
		},
		{
			"from": [20, 0, -5],
			"to": [24, 1, -4],
			"faces": {
				"north": {"uv": [7, 4.75, 8, 5], "texture": "#0"},
				"east": {"uv": [6.75, 4.75, 7, 5], "texture": "#0"},
				"south": {"uv": [8.25, 4.75, 9.25, 5], "texture": "#0"},
				"west": {"uv": [8, 4.75, 8.25, 5], "texture": "#0"},
				"up": {"uv": [8, 4.75, 7, 4.5], "texture": "#0"},
				"down": {"uv": [9, 4.5, 8, 4.75], "texture": "#0"}
			}
		},
		{
			"from": [19, 0, -4],
			"to": [23, 1, -3],
			"faces": {
				"north": {"uv": [2.25, 7, 3.25, 7.25], "texture": "#0"},
				"east": {"uv": [2, 7, 2.25, 7.25], "texture": "#0"},
				"south": {"uv": [3.5, 7, 4.5, 7.25], "texture": "#0"},
				"west": {"uv": [3.25, 7, 3.5, 7.25], "texture": "#0"},
				"up": {"uv": [3.25, 7, 2.25, 6.75], "texture": "#0"},
				"down": {"uv": [4.25, 6.75, 3.25, 7], "texture": "#0"}
			}
		},
		{
			"from": [18, 0, -3],
			"to": [22, 1, -2],
			"faces": {
				"north": {"uv": [4.5, 6.75, 5.5, 7], "texture": "#0"},
				"east": {"uv": [4.25, 6.75, 4.5, 7], "texture": "#0"},
				"south": {"uv": [5.75, 6.75, 6.75, 7], "texture": "#0"},
				"west": {"uv": [5.5, 6.75, 5.75, 7], "texture": "#0"},
				"up": {"uv": [5.5, 6.75, 4.5, 6.5], "texture": "#0"},
				"down": {"uv": [6.5, 6.5, 5.5, 6.75], "texture": "#0"}
			}
		},
		{
			"from": [17, 0, -2],
			"to": [21, 1, -1],
			"faces": {
				"north": {"uv": [6.75, 2.25, 7.75, 2.5], "texture": "#0"},
				"east": {"uv": [6.5, 2.25, 6.75, 2.5], "texture": "#0"},
				"south": {"uv": [8, 2.25, 9, 2.5], "texture": "#0"},
				"west": {"uv": [7.75, 2.25, 8, 2.5], "texture": "#0"},
				"up": {"uv": [7.75, 2.25, 6.75, 2], "texture": "#0"},
				"down": {"uv": [8.75, 2, 7.75, 2.25], "texture": "#0"}
			}
		},
		{
			"from": [16, 0, -1],
			"to": [20, 1, 0],
			"faces": {
				"north": {"uv": [6.5, 5.75, 7.5, 6], "texture": "#0"},
				"east": {"uv": [6.25, 5.75, 6.5, 6], "texture": "#0"},
				"south": {"uv": [7.75, 5.75, 8.75, 6], "texture": "#0"},
				"west": {"uv": [7.5, 5.75, 7.75, 6], "texture": "#0"},
				"up": {"uv": [7.5, 5.75, 6.5, 5.5], "texture": "#0"},
				"down": {"uv": [8.5, 5.5, 7.5, 5.75], "texture": "#0"}
			}
		},
		{
			"from": [15, 0, 0],
			"to": [19, 1, 1],
			"faces": {
				"north": {"uv": [5.75, 1.75, 6.75, 2], "texture": "#0"},
				"east": {"uv": [5.5, 1.75, 5.75, 2], "texture": "#0"},
				"south": {"uv": [7, 1.75, 8, 2], "texture": "#0"},
				"west": {"uv": [6.75, 1.75, 7, 2], "texture": "#0"},
				"up": {"uv": [6.75, 1.75, 5.75, 1.5], "texture": "#0"},
				"down": {"uv": [7.75, 1.5, 6.75, 1.75], "texture": "#0"}
			}
		},
		{
			"from": [14, 0, 1],
			"to": [18, 1, 2],
			"faces": {
				"north": {"uv": [5.25, 3.25, 6.25, 3.5], "texture": "#0"},
				"east": {"uv": [5, 3.25, 5.25, 3.5], "texture": "#0"},
				"south": {"uv": [6.5, 3.25, 7.5, 3.5], "texture": "#0"},
				"west": {"uv": [6.25, 3.25, 6.5, 3.5], "texture": "#0"},
				"up": {"uv": [6.25, 3.25, 5.25, 3], "texture": "#0"},
				"down": {"uv": [7.25, 3, 6.25, 3.25], "texture": "#0"}
			}
		},
		{
			"from": [27, 0, -15],
			"to": [28, 1, -12],
			"faces": {
				"north": {"uv": [7, 0.75, 7.25, 1], "texture": "#0"},
				"east": {"uv": [6.25, 0.75, 7, 1], "texture": "#0"},
				"south": {"uv": [8, 0.75, 8.25, 1], "texture": "#0"},
				"west": {"uv": [7.25, 0.75, 8, 1], "texture": "#0"},
				"up": {"uv": [7.25, 0.75, 7, 0], "texture": "#0"},
				"down": {"uv": [7.5, 0, 7.25, 0.75], "texture": "#0"}
			}
		},
		{
			"from": [26, 0, -14],
			"to": [27, 1, -11],
			"faces": {
				"north": {"uv": [0.75, 7, 1, 7.25], "texture": "#0"},
				"east": {"uv": [0, 7, 0.75, 7.25], "texture": "#0"},
				"south": {"uv": [1.75, 7, 2, 7.25], "texture": "#0"},
				"west": {"uv": [1, 7, 1.75, 7.25], "texture": "#0"},
				"up": {"uv": [1, 7, 0.75, 6.25], "texture": "#0"},
				"down": {"uv": [1.25, 6.25, 1, 7], "texture": "#0"}
			}
		},
		{
			"from": [25, 0, -13],
			"to": [26, 1, -10],
			"faces": {
				"north": {"uv": [6.75, 4.25, 7, 4.5], "texture": "#0"},
				"east": {"uv": [6, 4.25, 6.75, 4.5], "texture": "#0"},
				"south": {"uv": [7.75, 4.25, 8, 4.5], "texture": "#0"},
				"west": {"uv": [7, 4.25, 7.75, 4.5], "texture": "#0"},
				"up": {"uv": [7, 4.25, 6.75, 3.5], "texture": "#0"},
				"down": {"uv": [7.25, 3.5, 7, 4.25], "texture": "#0"}
			}
		},
		{
			"from": [24, 0, -12],
			"to": [25, 1, -9],
			"faces": {
				"north": {"uv": [3.25, 6.5, 3.5, 6.75], "texture": "#0"},
				"east": {"uv": [2.5, 6.5, 3.25, 6.75], "texture": "#0"},
				"south": {"uv": [4.25, 6.5, 4.5, 6.75], "texture": "#0"},
				"west": {"uv": [3.5, 6.5, 4.25, 6.75], "texture": "#0"},
				"up": {"uv": [3.5, 6.5, 3.25, 5.75], "texture": "#0"},
				"down": {"uv": [3.75, 5.75, 3.5, 6.5], "texture": "#0"}
			}
		},
		{
			"from": [23, 0, -11],
			"to": [24, 1, -8],
			"faces": {
				"north": {"uv": [5.75, 6.25, 6, 6.5], "texture": "#0"},
				"east": {"uv": [5, 6.25, 5.75, 6.5], "texture": "#0"},
				"south": {"uv": [6.75, 6.25, 7, 6.5], "texture": "#0"},
				"west": {"uv": [6, 6.25, 6.75, 6.5], "texture": "#0"},
				"up": {"uv": [6, 6.25, 5.75, 5.5], "texture": "#0"},
				"down": {"uv": [6.25, 5.5, 6, 6.25], "texture": "#0"}
			}
		},
		{
			"from": [22, 0, -10],
			"to": [23, 1, -7],
			"faces": {
				"north": {"uv": [6.25, 5.25, 6.5, 5.5], "texture": "#0"},
				"east": {"uv": [5.5, 5.25, 6.25, 5.5], "texture": "#0"},
				"south": {"uv": [7.25, 5.25, 7.5, 5.5], "texture": "#0"},
				"west": {"uv": [6.5, 5.25, 7.25, 5.5], "texture": "#0"},
				"up": {"uv": [6.5, 5.25, 6.25, 4.5], "texture": "#0"},
				"down": {"uv": [6.75, 4.5, 6.5, 5.25], "texture": "#0"}
			}
		},
		{
			"from": [21, 0, -9],
			"to": [22, 1, -6],
			"faces": {
				"north": {"uv": [2, 6.25, 2.25, 6.5], "texture": "#0"},
				"east": {"uv": [1.25, 6.25, 2, 6.5], "texture": "#0"},
				"south": {"uv": [3, 6.25, 3.25, 6.5], "texture": "#0"},
				"west": {"uv": [2.25, 6.25, 3, 6.5], "texture": "#0"},
				"up": {"uv": [2.25, 6.25, 2, 5.5], "texture": "#0"},
				"down": {"uv": [2.5, 5.5, 2.25, 6.25], "texture": "#0"}
			}
		},
		{
			"from": [20, 0, -8],
			"to": [21, 1, -5],
			"faces": {
				"north": {"uv": [4.5, 6, 4.75, 6.25], "texture": "#0"},
				"east": {"uv": [3.75, 6, 4.5, 6.25], "texture": "#0"},
				"south": {"uv": [5.5, 6, 5.75, 6.25], "texture": "#0"},
				"west": {"uv": [4.75, 6, 5.5, 6.25], "texture": "#0"},
				"up": {"uv": [4.75, 6, 4.5, 5.25], "texture": "#0"},
				"down": {"uv": [5, 5.25, 4.75, 6], "texture": "#0"}
			}
		},
		{
			"from": [19, 0, -7],
			"to": [20, 1, -4],
			"faces": {
				"north": {"uv": [6, 2.75, 6.25, 3], "texture": "#0"},
				"east": {"uv": [5.25, 2.75, 6, 3], "texture": "#0"},
				"south": {"uv": [7, 2.75, 7.25, 3], "texture": "#0"},
				"west": {"uv": [6.25, 2.75, 7, 3], "texture": "#0"},
				"up": {"uv": [6.25, 2.75, 6, 2], "texture": "#0"},
				"down": {"uv": [6.5, 2, 6.25, 2.75], "texture": "#0"}
			}
		},
		{
			"from": [18, 0, -6],
			"to": [19, 1, -3],
			"faces": {
				"north": {"uv": [0.75, 6, 1, 6.25], "texture": "#0"},
				"east": {"uv": [0, 6, 0.75, 6.25], "texture": "#0"},
				"south": {"uv": [1.75, 6, 2, 6.25], "texture": "#0"},
				"west": {"uv": [1, 6, 1.75, 6.25], "texture": "#0"},
				"up": {"uv": [1, 6, 0.75, 5.25], "texture": "#0"},
				"down": {"uv": [1.25, 5.25, 1, 6], "texture": "#0"}
			}
		},
		{
			"from": [17, 0, -5],
			"to": [18, 1, -2],
			"faces": {
				"north": {"uv": [5.75, 1.25, 6, 1.5], "texture": "#0"},
				"east": {"uv": [5, 1.25, 5.75, 1.5], "texture": "#0"},
				"south": {"uv": [6.75, 1.25, 7, 1.5], "texture": "#0"},
				"west": {"uv": [6, 1.25, 6.75, 1.5], "texture": "#0"},
				"up": {"uv": [6, 1.25, 5.75, 0.5], "texture": "#0"},
				"down": {"uv": [6.25, 0.5, 6, 1.25], "texture": "#0"}
			}
		},
		{
			"from": [16, 0, -4],
			"to": [17, 1, -1],
			"faces": {
				"north": {"uv": [3.25, 5.5, 3.5, 5.75], "texture": "#0"},
				"east": {"uv": [2.5, 5.5, 3.25, 5.75], "texture": "#0"},
				"south": {"uv": [4.25, 5.5, 4.5, 5.75], "texture": "#0"},
				"west": {"uv": [3.5, 5.5, 4.25, 5.75], "texture": "#0"},
				"up": {"uv": [3.5, 5.5, 3.25, 4.75], "texture": "#0"},
				"down": {"uv": [3.75, 4.75, 3.5, 5.5], "texture": "#0"}
			}
		},
		{
			"from": [15, 0, -3],
			"to": [16, 1, 0],
			"faces": {
				"north": {"uv": [2, 5.25, 2.25, 5.5], "texture": "#0"},
				"east": {"uv": [1.25, 5.25, 2, 5.5], "texture": "#0"},
				"south": {"uv": [3, 5.25, 3.25, 5.5], "texture": "#0"},
				"west": {"uv": [2.25, 5.25, 3, 5.5], "texture": "#0"},
				"up": {"uv": [2.25, 5.25, 2, 4.5], "texture": "#0"},
				"down": {"uv": [2.5, 4.5, 2.25, 5.25], "texture": "#0"}
			}
		},
		{
			"from": [14, 0, -2],
			"to": [15, 1, 1],
			"faces": {
				"north": {"uv": [5, 5, 5.25, 5.25], "texture": "#0"},
				"east": {"uv": [4.25, 5, 5, 5.25], "texture": "#0"},
				"south": {"uv": [6, 5, 6.25, 5.25], "texture": "#0"},
				"west": {"uv": [5.25, 5, 6, 5.25], "texture": "#0"},
				"up": {"uv": [5.25, 5, 5, 4.25], "texture": "#0"},
				"down": {"uv": [5.5, 4.25, 5.25, 5], "texture": "#0"}
			}
		},
		{
			"from": [12, 0, -1],
			"to": [14, 1, 2],
			"faces": {
				"north": {"uv": [0.75, 4, 1.25, 4.25], "texture": "#0"},
				"east": {"uv": [0, 4, 0.75, 4.25], "texture": "#0"},
				"south": {"uv": [2, 4, 2.5, 4.25], "texture": "#0"},
				"west": {"uv": [1.25, 4, 2, 4.25], "texture": "#0"},
				"up": {"uv": [1.25, 4, 0.75, 3.25], "texture": "#0"},
				"down": {"uv": [1.75, 3.25, 1.25, 4], "texture": "#0"}
			}
		},
		{
			"from": [12, 0, 2],
			"to": [17, 1, 4],
			"faces": {
				"north": {"uv": [2.5, 1.75, 3.75, 2], "texture": "#0"},
				"east": {"uv": [2, 1.75, 2.5, 2], "texture": "#0"},
				"south": {"uv": [4.25, 1.75, 5.5, 2], "texture": "#0"},
				"west": {"uv": [3.75, 1.75, 4.25, 2], "texture": "#0"},
				"up": {"uv": [3.75, 1.75, 2.5, 1.25], "texture": "#0"},
				"down": {"uv": [5, 1.25, 3.75, 1.75], "texture": "#0"}
			}
		},
		{
			"from": [11, 0, 0],
			"to": [12, 1, 4],
			"faces": {
				"north": {"uv": [3, 3.25, 3.25, 3.5], "texture": "#0"},
				"east": {"uv": [2, 3.25, 3, 3.5], "texture": "#0"},
				"south": {"uv": [4.25, 3.25, 4.5, 3.5], "texture": "#0"},
				"west": {"uv": [3.25, 3.25, 4.25, 3.5], "texture": "#0"},
				"up": {"uv": [3.25, 3.25, 3, 2.25], "texture": "#0"},
				"down": {"uv": [3.5, 2.25, 3.25, 3.25], "texture": "#0"}
			}
		},
		{
			"from": [11, 0, 4],
			"to": [16, 1, 5],
			"faces": {
				"north": {"uv": [3.25, 0.25, 4.5, 0.5], "texture": "#0"},
				"east": {"uv": [3, 0.25, 3.25, 0.5], "texture": "#0"},
				"south": {"uv": [4.75, 0.25, 6, 0.5], "texture": "#0"},
				"west": {"uv": [4.5, 0.25, 4.75, 0.5], "texture": "#0"},
				"up": {"uv": [4.5, 0.25, 3.25, 0], "texture": "#0"},
				"down": {"uv": [5.75, 0, 4.5, 0.25], "texture": "#0"}
			}
		},
		{
			"from": [9, 0, 1],
			"to": [11, 1, 2],
			"faces": {
				"north": {"uv": [8.5, 0.75, 9, 1], "texture": "#0"},
				"east": {"uv": [8.25, 0.75, 8.5, 1], "texture": "#0"},
				"south": {"uv": [9.25, 0.75, 9.75, 1], "texture": "#0"},
				"west": {"uv": [9, 0.75, 9.25, 1], "texture": "#0"},
				"up": {"uv": [9, 0.75, 8.5, 0.5], "texture": "#0"},
				"down": {"uv": [9.5, 0.5, 9, 0.75], "texture": "#0"}
			}
		},
		{
			"from": [14, 0, 5],
			"to": [15, 1, 7],
			"faces": {
				"north": {"uv": [3, 9, 3.25, 9.25], "texture": "#0"},
				"east": {"uv": [2.5, 9, 3, 9.25], "texture": "#0"},
				"south": {"uv": [3.75, 9, 4, 9.25], "texture": "#0"},
				"west": {"uv": [3.25, 9, 3.75, 9.25], "texture": "#0"},
				"up": {"uv": [3.25, 9, 3, 8.5], "texture": "#0"},
				"down": {"uv": [3.5, 8.5, 3.25, 9], "texture": "#0"}
			}
		},
		{
			"from": [10, 0, 2],
			"to": [11, 1, 5],
			"faces": {
				"north": {"uv": [0.75, 5, 1, 5.25], "texture": "#0"},
				"east": {"uv": [0, 5, 0.75, 5.25], "texture": "#0"},
				"south": {"uv": [1.75, 5, 2, 5.25], "texture": "#0"},
				"west": {"uv": [1, 5, 1.75, 5.25], "texture": "#0"},
				"up": {"uv": [1, 5, 0.75, 4.25], "texture": "#0"},
				"down": {"uv": [1.25, 4.25, 1, 5], "texture": "#0"}
			}
		},
		{
			"from": [10, 0, 5],
			"to": [14, 1, 6],
			"faces": {
				"north": {"uv": [4.5, 4, 5.5, 4.25], "texture": "#0"},
				"east": {"uv": [4.25, 4, 4.5, 4.25], "texture": "#0"},
				"south": {"uv": [5.75, 4, 6.75, 4.25], "texture": "#0"},
				"west": {"uv": [5.5, 4, 5.75, 4.25], "texture": "#0"},
				"up": {"uv": [5.5, 4, 4.5, 3.75], "texture": "#0"},
				"down": {"uv": [6.5, 3.75, 5.5, 4], "texture": "#0"}
			}
		},
		{
			"from": [9, 0, 3],
			"to": [10, 1, 6],
			"faces": {
				"north": {"uv": [3.75, 4.5, 4, 4.75], "texture": "#0"},
				"east": {"uv": [3, 4.5, 3.75, 4.75], "texture": "#0"},
				"south": {"uv": [4.75, 4.5, 5, 4.75], "texture": "#0"},
				"west": {"uv": [4, 4.5, 4.75, 4.75], "texture": "#0"},
				"up": {"uv": [4, 4.5, 3.75, 3.75], "texture": "#0"},
				"down": {"uv": [4.25, 3.75, 4, 4.5], "texture": "#0"}
			}
		},
		{
			"from": [9, 0, 6],
			"to": [13, 1, 7],
			"faces": {
				"north": {"uv": [3.25, 0.75, 4.25, 1], "texture": "#0"},
				"east": {"uv": [3, 0.75, 3.25, 1], "texture": "#0"},
				"south": {"uv": [4.5, 0.75, 5.5, 1], "texture": "#0"},
				"west": {"uv": [4.25, 0.75, 4.5, 1], "texture": "#0"},
				"up": {"uv": [4.25, 0.75, 3.25, 0.5], "texture": "#0"},
				"down": {"uv": [5.25, 0.5, 4.25, 0.75], "texture": "#0"}
			}
		},
		{
			"from": [5, 0, 4],
			"to": [9, 1, 6],
			"faces": {
				"north": {"uv": [0.5, 3, 1.5, 3.25], "texture": "#0"},
				"east": {"uv": [0, 3, 0.5, 3.25], "texture": "#0"},
				"south": {"uv": [2, 3, 3, 3.25], "texture": "#0"},
				"west": {"uv": [1.5, 3, 2, 3.25], "texture": "#0"},
				"up": {"uv": [1.5, 3, 0.5, 2.5], "texture": "#0"},
				"down": {"uv": [2.5, 2.5, 1.5, 3], "texture": "#0"}
			}
		},
		{
			"from": [10, 0, 7],
			"to": [12, 1, 11],
			"faces": {
				"north": {"uv": [1, 2.25, 1.5, 2.5], "texture": "#0"},
				"east": {"uv": [0, 2.25, 1, 2.5], "texture": "#0"},
				"south": {"uv": [2.5, 2.25, 3, 2.5], "texture": "#0"},
				"west": {"uv": [1.5, 2.25, 2.5, 2.5], "texture": "#0"},
				"up": {"uv": [1.5, 2.25, 1, 1.25], "texture": "#0"},
				"down": {"uv": [2, 1.25, 1.5, 2.25], "texture": "#0"}
			}
		},
		{
			"from": [4, 0, 2],
			"to": [5, 1, 5],
			"faces": {
				"north": {"uv": [4.5, 3.5, 4.75, 3.75], "texture": "#0"},
				"east": {"uv": [3.75, 3.5, 4.5, 3.75], "texture": "#0"},
				"south": {"uv": [5.5, 3.5, 5.75, 3.75], "texture": "#0"},
				"west": {"uv": [4.75, 3.5, 5.5, 3.75], "texture": "#0"},
				"up": {"uv": [4.75, 3.5, 4.5, 2.75], "texture": "#0"},
				"down": {"uv": [5, 2.75, 4.75, 3.5], "texture": "#0"}
			}
		},
		{
			"from": [11, 0, 11],
			"to": [14, 1, 12],
			"faces": {
				"north": {"uv": [6.25, 8, 7, 8.25], "texture": "#0"},
				"east": {"uv": [6, 8, 6.25, 8.25], "texture": "#0"},
				"south": {"uv": [7.25, 8, 8, 8.25], "texture": "#0"},
				"west": {"uv": [7, 8, 7.25, 8.25], "texture": "#0"},
				"up": {"uv": [7, 8, 6.25, 7.75], "texture": "#0"},
				"down": {"uv": [7.75, 7.75, 7, 8], "texture": "#0"}
			}
		},
		{
			"from": [5, 0, 1],
			"to": [6, 1, 4],
			"faces": {
				"north": {"uv": [2.5, 4.25, 2.75, 4.5], "texture": "#0"},
				"east": {"uv": [1.75, 4.25, 2.5, 4.5], "texture": "#0"},
				"south": {"uv": [3.5, 4.25, 3.75, 4.5], "texture": "#0"},
				"west": {"uv": [2.75, 4.25, 3.5, 4.5], "texture": "#0"},
				"up": {"uv": [2.75, 4.25, 2.5, 3.5], "texture": "#0"},
				"down": {"uv": [3, 3.5, 2.75, 4.25], "texture": "#0"}
			}
		},
		{
			"from": [12, 0, 10],
			"to": [15, 1, 11],
			"faces": {
				"north": {"uv": [2.25, 8, 3, 8.25], "texture": "#0"},
				"east": {"uv": [2, 8, 2.25, 8.25], "texture": "#0"},
				"south": {"uv": [3.25, 8, 4, 8.25], "texture": "#0"},
				"west": {"uv": [3, 8, 3.25, 8.25], "texture": "#0"},
				"up": {"uv": [3, 8, 2.25, 7.75], "texture": "#0"},
				"down": {"uv": [3.75, 7.75, 3, 8], "texture": "#0"}
			}
		},
		{
			"from": [14, 0, 9],
			"to": [15, 1, 10],
			"faces": {
				"north": {"uv": [0.25, 2, 0.5, 2.25], "texture": "#0"},
				"east": {"uv": [0, 2, 0.25, 2.25], "texture": "#0"},
				"south": {"uv": [0.75, 2, 1, 2.25], "texture": "#0"},
				"west": {"uv": [0.5, 2, 0.75, 2.25], "texture": "#0"},
				"up": {"uv": [0.5, 2, 0.25, 1.75], "texture": "#0"},
				"down": {"uv": [0.75, 1.75, 0.5, 2], "texture": "#0"}
			}
		},
		{
			"from": [7, 0, 2],
			"to": [8, 1, 3],
			"faces": {
				"north": {"uv": [0.25, 1.5, 0.5, 1.75], "texture": "#0"},
				"east": {"uv": [0, 1.5, 0.25, 1.75], "texture": "#0"},
				"south": {"uv": [0.75, 1.5, 1, 1.75], "texture": "#0"},
				"west": {"uv": [0.5, 1.5, 0.75, 1.75], "texture": "#0"},
				"up": {"uv": [0.5, 1.5, 0.25, 1.25], "texture": "#0"},
				"down": {"uv": [0.75, 1.25, 0.5, 1.5], "texture": "#0"}
			}
		},
		{
			"from": [13, 0, 8],
			"to": [14, 1, 9],
			"faces": {
				"north": {"uv": [0.25, 0.75, 0.5, 1], "texture": "#0"},
				"east": {"uv": [0, 0.75, 0.25, 1], "texture": "#0"},
				"south": {"uv": [0.75, 0.75, 1, 1], "texture": "#0"},
				"west": {"uv": [0.5, 0.75, 0.75, 1], "texture": "#0"},
				"up": {"uv": [0.5, 0.75, 0.25, 0.5], "texture": "#0"},
				"down": {"uv": [0.75, 0.5, 0.5, 0.75], "texture": "#0"}
			}
		},
		{
			"from": [7, 0, 6],
			"to": [9, 1, 7],
			"faces": {
				"north": {"uv": [8.25, 1.75, 8.75, 2], "texture": "#0"},
				"east": {"uv": [8, 1.75, 8.25, 2], "texture": "#0"},
				"south": {"uv": [9, 1.75, 9.5, 2], "texture": "#0"},
				"west": {"uv": [8.75, 1.75, 9, 2], "texture": "#0"},
				"up": {"uv": [8.75, 1.75, 8.25, 1.5], "texture": "#0"},
				"down": {"uv": [9.25, 1.5, 8.75, 1.75], "texture": "#0"}
			}
		},
		{
			"from": [7, 0, 7],
			"to": [10, 1, 9],
			"faces": {
				"north": {"uv": [4, 2.5, 4.75, 2.75], "texture": "#0"},
				"east": {"uv": [3.5, 2.5, 4, 2.75], "texture": "#0"},
				"south": {"uv": [5.25, 2.5, 6, 2.75], "texture": "#0"},
				"west": {"uv": [4.75, 2.5, 5.25, 2.75], "texture": "#0"},
				"up": {"uv": [4.75, 2.5, 4, 2], "texture": "#0"},
				"down": {"uv": [5.5, 2, 4.75, 2.5], "texture": "#0"}
			}
		},
		{
			"from": [6, 0, 1],
			"to": [7, 1, 2],
			"faces": {
				"north": {"uv": [0.25, 0.25, 0.5, 0.5], "texture": "#0"},
				"east": {"uv": [0, 0.25, 0.25, 0.5], "texture": "#0"},
				"south": {"uv": [0.75, 0.25, 1, 0.5], "texture": "#0"},
				"west": {"uv": [0.5, 0.25, 0.75, 0.5], "texture": "#0"},
				"up": {"uv": [0.5, 0.25, 0.25, 0], "texture": "#0"},
				"down": {"uv": [0.75, 0, 0.5, 0.25], "texture": "#0"}
			}
		},
		{
			"from": [6, 0, 7],
			"to": [7, 1, 9],
			"faces": {
				"north": {"uv": [6.5, 8.75, 6.75, 9], "texture": "#0"},
				"east": {"uv": [6, 8.75, 6.5, 9], "texture": "#0"},
				"south": {"uv": [7.25, 8.75, 7.5, 9], "texture": "#0"},
				"west": {"uv": [6.75, 8.75, 7.25, 9], "texture": "#0"},
				"up": {"uv": [6.75, 8.75, 6.5, 8.25], "texture": "#0"},
				"down": {"uv": [7, 8.25, 6.75, 8.75], "texture": "#0"}
			}
		},
		{
			"from": [5, 0, 8],
			"to": [6, 1, 10],
			"faces": {
				"north": {"uv": [8.75, 6, 9, 6.25], "texture": "#0"},
				"east": {"uv": [8.25, 6, 8.75, 6.25], "texture": "#0"},
				"south": {"uv": [9.5, 6, 9.75, 6.25], "texture": "#0"},
				"west": {"uv": [9, 6, 9.5, 6.25], "texture": "#0"},
				"up": {"uv": [9, 6, 8.75, 5.5], "texture": "#0"},
				"down": {"uv": [9.25, 5.5, 9, 6], "texture": "#0"}
			}
		},
		{
			"from": [4, 0, 9],
			"to": [5, 1, 11],
			"faces": {
				"north": {"uv": [2, 8.75, 2.25, 9], "texture": "#0"},
				"east": {"uv": [1.5, 8.75, 2, 9], "texture": "#0"},
				"south": {"uv": [2.75, 8.75, 3, 9], "texture": "#0"},
				"west": {"uv": [2.25, 8.75, 2.75, 9], "texture": "#0"},
				"up": {"uv": [2.25, 8.75, 2, 8.25], "texture": "#0"},
				"down": {"uv": [2.5, 8.25, 2.25, 8.75], "texture": "#0"}
			}
		},
		{
			"from": [3, 0, 10],
			"to": [4, 1, 12],
			"faces": {
				"north": {"uv": [0.5, 8.75, 0.75, 9], "texture": "#0"},
				"east": {"uv": [0, 8.75, 0.5, 9], "texture": "#0"},
				"south": {"uv": [1.25, 8.75, 1.5, 9], "texture": "#0"},
				"west": {"uv": [0.75, 8.75, 1.25, 9], "texture": "#0"},
				"up": {"uv": [0.75, 8.75, 0.5, 8.25], "texture": "#0"},
				"down": {"uv": [1, 8.25, 0.75, 8.75], "texture": "#0"}
			}
		},
		{
			"from": [2, 0, 11],
			"to": [3, 1, 13],
			"faces": {
				"north": {"uv": [5.5, 8.5, 5.75, 8.75], "texture": "#0"},
				"east": {"uv": [5, 8.5, 5.5, 8.75], "texture": "#0"},
				"south": {"uv": [6.25, 8.5, 6.5, 8.75], "texture": "#0"},
				"west": {"uv": [5.75, 8.5, 6.25, 8.75], "texture": "#0"},
				"up": {"uv": [5.75, 8.5, 5.5, 8], "texture": "#0"},
				"down": {"uv": [6, 8, 5.75, 8.5], "texture": "#0"}
			}
		},
		{
			"from": [1, 0, 12],
			"to": [2, 1, 14],
			"faces": {
				"north": {"uv": [4, 8.5, 4.25, 8.75], "texture": "#0"},
				"east": {"uv": [3.5, 8.5, 4, 8.75], "texture": "#0"},
				"south": {"uv": [4.75, 8.5, 5, 8.75], "texture": "#0"},
				"west": {"uv": [4.25, 8.5, 4.75, 8.75], "texture": "#0"},
				"up": {"uv": [4.25, 8.5, 4, 8], "texture": "#0"},
				"down": {"uv": [4.5, 8, 4.25, 8.5], "texture": "#0"}
			}
		},
		{
			"from": [0, 0, 13],
			"to": [1, 1, 15],
			"faces": {
				"north": {"uv": [8, 8.25, 8.25, 8.5], "texture": "#0"},
				"east": {"uv": [7.5, 8.25, 8, 8.5], "texture": "#0"},
				"south": {"uv": [8.75, 8.25, 9, 8.5], "texture": "#0"},
				"west": {"uv": [8.25, 8.25, 8.75, 8.5], "texture": "#0"},
				"up": {"uv": [8.25, 8.25, 8, 7.75], "texture": "#0"},
				"down": {"uv": [8.5, 7.75, 8.25, 8.25], "texture": "#0"}
			}
		},
		{
			"from": [6, 0, 9],
			"to": [9, 1, 10],
			"faces": {
				"north": {"uv": [0.25, 8, 1, 8.25], "texture": "#0"},
				"east": {"uv": [0, 8, 0.25, 8.25], "texture": "#0"},
				"south": {"uv": [1.25, 8, 2, 8.25], "texture": "#0"},
				"west": {"uv": [1, 8, 1.25, 8.25], "texture": "#0"},
				"up": {"uv": [1, 8, 0.25, 7.75], "texture": "#0"},
				"down": {"uv": [1.75, 7.75, 1, 8], "texture": "#0"}
			}
		},
		{
			"from": [5, 0, 10],
			"to": [8, 1, 11],
			"faces": {
				"north": {"uv": [7.75, 5.25, 8.5, 5.5], "texture": "#0"},
				"east": {"uv": [7.5, 5.25, 7.75, 5.5], "texture": "#0"},
				"south": {"uv": [8.75, 5.25, 9.5, 5.5], "texture": "#0"},
				"west": {"uv": [8.5, 5.25, 8.75, 5.5], "texture": "#0"},
				"up": {"uv": [8.5, 5.25, 7.75, 5], "texture": "#0"},
				"down": {"uv": [9.25, 5, 8.5, 5.25], "texture": "#0"}
			}
		},
		{
			"from": [4, 0, 11],
			"to": [7, 1, 12],
			"faces": {
				"north": {"uv": [4.5, 7.75, 5.25, 8], "texture": "#0"},
				"east": {"uv": [4.25, 7.75, 4.5, 8], "texture": "#0"},
				"south": {"uv": [5.5, 7.75, 6.25, 8], "texture": "#0"},
				"west": {"uv": [5.25, 7.75, 5.5, 8], "texture": "#0"},
				"up": {"uv": [5.25, 7.75, 4.5, 7.5], "texture": "#0"},
				"down": {"uv": [6, 7.5, 5.25, 7.75], "texture": "#0"}
			}
		},
		{
			"from": [3, 0, 12],
			"to": [6, 1, 13],
			"faces": {
				"north": {"uv": [7.75, 0.25, 8.5, 0.5], "texture": "#0"},
				"east": {"uv": [7.5, 0.25, 7.75, 0.5], "texture": "#0"},
				"south": {"uv": [8.75, 0.25, 9.5, 0.5], "texture": "#0"},
				"west": {"uv": [8.5, 0.25, 8.75, 0.5], "texture": "#0"},
				"up": {"uv": [8.5, 0.25, 7.75, 0], "texture": "#0"},
				"down": {"uv": [9.25, 0, 8.5, 0.25], "texture": "#0"}
			}
		},
		{
			"from": [2, 0, 13],
			"to": [5, 1, 14],
			"faces": {
				"north": {"uv": [6.75, 7.5, 7.5, 7.75], "texture": "#0"},
				"east": {"uv": [6.5, 7.5, 6.75, 7.75], "texture": "#0"},
				"south": {"uv": [7.75, 7.5, 8.5, 7.75], "texture": "#0"},
				"west": {"uv": [7.5, 7.5, 7.75, 7.75], "texture": "#0"},
				"up": {"uv": [7.5, 7.5, 6.75, 7.25], "texture": "#0"},
				"down": {"uv": [8.25, 7.25, 7.5, 7.5], "texture": "#0"}
			}
		},
		{
			"from": [1, 0, 14],
			"to": [4, 1, 15],
			"faces": {
				"north": {"uv": [7.5, 4, 8.25, 4.25], "texture": "#0"},
				"east": {"uv": [7.25, 4, 7.5, 4.25], "texture": "#0"},
				"south": {"uv": [8.5, 4, 9.25, 4.25], "texture": "#0"},
				"west": {"uv": [8.25, 4, 8.5, 4.25], "texture": "#0"},
				"up": {"uv": [8.25, 4, 7.5, 3.75], "texture": "#0"},
				"down": {"uv": [9, 3.75, 8.25, 4], "texture": "#0"}
			}
		},
		{
			"from": [0, 0, 15],
			"to": [3, 1, 16],
			"faces": {
				"north": {"uv": [2.75, 7.5, 3.5, 7.75], "texture": "#0"},
				"east": {"uv": [2.5, 7.5, 2.75, 7.75], "texture": "#0"},
				"south": {"uv": [3.75, 7.5, 4.5, 7.75], "texture": "#0"},
				"west": {"uv": [3.5, 7.5, 3.75, 7.75], "texture": "#0"},
				"up": {"uv": [3.5, 7.5, 2.75, 7.25], "texture": "#0"},
				"down": {"uv": [4.25, 7.25, 3.5, 7.5], "texture": "#0"}
			}
		}
	],
	"display": {
		"thirdperson_righthand": {
			"rotation": [45, 0, 90],
			"translation": [-4.75, 0.5, 0.75],
			"scale": [0.6, 0.6, 0.6]
		},
		"thirdperson_lefthand": {
			"rotation": [135, 0, 90],
			"translation": [-4.75, 0.5, 0.75],
			"scale": [0.6, 0.6, 0.6]
		},
		"firstperson_righthand": {
			"rotation": [60, 0, 85],
			"translation": [-1.25, 0, 0],
			"scale": [0.35, 0.35, 0.35]
		},
		"firstperson_lefthand": {
			"rotation": [150, 0, 86],
			"translation": [-0.25, -0.25, 0],
			"scale": [0.35, 0.35, 0.35]
		},
		"ground": {
			"rotation": [90, 0, 0],
			"translation": [0, 1.5, 0],
			"scale": [0.3, 0.3, 0.3]
		},
		"gui": {
			"rotation": [90, 0, 0],
			"translation": [-4, -4, 0],
			"scale": [0.5, 0.5, 0.5]
		},
		"fixed": {
			"rotation": [90, 90, 0],
			"translation": [4, -4, 3.5],
			"scale": [0.5, 0.5, 0.5]
		}
	},
	"groups": [
		{
			"name": "Whole thing",
			"origin": [0, 0, 0],
			"children": [
				{
					"name": "Blade",
					"origin": [8, 8, 8],
					"children": [0,
						{
							"name": "group",
							"origin": [0, 0, 0],
							"children": [1, 2, 3, 4, 5, 6, 7, 8, 9, 10, 11, 12, 13, 14]
						},
						{
							"name": "group",
							"origin": [0, 0, 0],
							"children": [15, 16, 17, 18, 19, 20, 21, 22, 23, 24, 25, 26, 27, 28]
						},
						{
							"name": "group",
							"origin": [8, 8, 8],
							"children": [29, 30, 31, 32]
						}
					]
				},
				{
					"name": "Middle Bit",
					"origin": [8, 8, 8],
					"children": [33, 34, 35, 36, 37, 38, 39, 40, 41, 42, 43, 44, 45, 46, 47, 48, 49, 50]
				},
				{
					"name": "Hilt",
					"origin": [8, 8, 8],
					"children": [
						{
							"name": "group",
							"origin": [8, 8, 8],
							"children": [51, 52, 53, 54, 55, 56, 57]
						},
						{
							"name": "group",
							"origin": [8, 8, 8],
							"children": [58, 59, 60, 61, 62, 63, 64]
						}
					]
				}
			]
		}
	]
}